"site.id","constituent","REG.eqn","REG.RMSE","REG.r.squared","REG.p.value","REG.cor.resid","REG.PPCC","REG.Intercept","REG.lnQ","REG.DECTIME","REG.sin.DECTIME","REG.cos.DECTIME","REG.Intercept.SE","REG.lnQ.SE","REG.DECTIME.SE","REG.sin.DECTIME.SE","REG.cos.DECTIME.SE","REG.Intercept.p.value","REG.lnQ.p.value","REG.DECTIME.p.value","REG.sin.DECTIME.p.value","REG.cos.DECTIME.p.value","INT.RMSE.lin","INT.durbin.watson","INT.rho","INT.acf1","INT.acf1demean","INT.corlag1","CMP.RMSE.log","CMP.reg.durbin.watson","CMP.reg.rho","CMP.int.durbin.watson","CMP.int.rho","CMP.correction.frac"
"Musk","NO23","NO23 ~ model(7)",0.674389143053664,34.508555079191,0,0.0723453967559618,0.859783813990618,0.0990910141056542,0.25219623591002,-0.0573013721206584,0.0729900510992334,0.460098734493689,0.0439843913869284,0.0577881062231354,0.0154703797920723,0.0791372532203551,0.0640393876450731,0.0235368287218106,1.52850431551058e-05,0.000224153787201459,0.351709486157075,5.11733276887983e-12,0.413953431577327,0.102582587974643,0.947877167056792,0.94526393730069,0.644843167804997,0.644867205529654,0.836219005453153,1.66483945115801,0.165857097350101,1.66483945115801,0.165857097350101,0.375136360330173
