"site.id","constituent","REG.model","REG.RMSE","REG.r.squared","REG.p.value","REG.Intercept","REG.lnQ","REG.DECTIME","REG.sin.DECTIME","REG.cos.DECTIME","REG.Intercept.SE","REG.lnQ.SE","REG.DECTIME.SE","REG.sin.DECTIME.SE","REG.cos.DECTIME.SE","REG.Intercept.p.value","REG.lnQ.p.value","REG.DECTIME.p.value","REG.sin.DECTIME.p.value","REG.cos.DECTIME.p.value","INT.RMSE.lin","INT.durbin.watson","INT.rho","INT.acf1","INT.acf1demean","INT.corlag1","CMP.RMSE.log","CMP.reg.durbin.watson","CMP.reg.rho","CMP.int.durbin.watson","CMP.int.rho","CMP.correction.frac"
"Rac","NO23","rloadest_7",0.967906198169216,81.0759919622306,0,9.26546484699499,1.57306465906884,-0.063260640762552,0.419124602218836,0.498881167748657,0.0677802694067759,0.06586316626775,0.0242222656835142,0.105600131333083,0.111594644850458,3.04678795901021e-233,1.37743667251597e-66,0.00878409644330004,7.93451966034053e-05,9.57984247358649e-06,2.28381989949587,0.0779563710710668,0.960247823719143,0.957638234781797,0.815536859447912,0.815555386469434,0.804660996109583,0.723604288439332,0.636756933567451,0.723604288439332,0.636756933567451,0.802512942090238
