"site.id","constituent","REG.eqn","REG.RMSE","REG.r.squared","REG.p.value","REG.cor.resid","REG.PPCC","REG.Intercept","REG.lnQ","REG.DECTIME","REG.sin.DECTIME","REG.cos.DECTIME","REG.Intercept.SE","REG.lnQ.SE","REG.DECTIME.SE","REG.sin.DECTIME.SE","REG.cos.DECTIME.SE","REG.Intercept.p.value","REG.lnQ.p.value","REG.DECTIME.p.value","REG.sin.DECTIME.p.value","REG.cos.DECTIME.p.value","INT.RMSE.lin","INT.durbin.watson","INT.rho","INT.acf1","INT.acf1demean","INT.corlag1","CMP.RMSE.log","CMP.reg.durbin.watson","CMP.reg.rho","CMP.int.durbin.watson","CMP.int.rho","CMP.correction.frac"
"Rac","NO23","NO23 ~ model(7)",0.967906198169214,0.385345915386487,0,0.554780946004532,0.902009575542763,1.86201825855111,0.573064659068842,-0.0632606407625517,0.419124602218838,0.498881167748652,0.0677802694067758,0.0658631662677499,0.0242222656835142,0.105600131333083,0.111594644850458,1.87252147638404e-77,2.56515138473008e-16,0.00878409644330395,7.93451966034244e-05,9.57984247358762e-06,2.28381989949587,0.0779563710710668,0.960247823719143,0.957638234781797,0.815536859447912,0.815555386469434,NA,0.723604288439332,0.636756933567451,0.723604288439332,0.636756933567451,0.802512942090238
