"site.id","constituent","Water_Year","n","CMP.Flux_Rate","CMP.SE","CMP.CI_lower","CMP.CI_upper","INT.Flux_Rate","INT.SE","INT.CI_lower","INT.CI_upper","REGC.Flux_Rate","REGC.SE","REGC.CI_lower","REGC.CI_upper","REGU.Flux_Rate","REGU.SE","REGU.CI_lower","REGU.CI_upper","NA","NA","NA","NA","NA","NA"
"MOGU02900","PT",1371.67110043907,44.6356845469896,1284.18676630168,1459.15543457646,15,15,1315.63389817475,16.7170307034921,1282.86912006745,1348.39867628204,15,15,1512.24887326232,24.2801704507031,1464.66061364045,1559.83713288419,15,15,1585.74734363942,30.4380532518252,1526.08985550633,1645.40483177251,15,15
