"site.id","constituent","Water_Year","n","CMP.Flux_Rate","CMP.SE","CMP.CI_lower","CMP.CI_upper","INT.Flux_Rate","INT.SE","INT.CI_lower","INT.CI_upper","REGC.Flux_Rate","REGC.SE","REGC.CI_lower","REGC.CI_upper","REGU.Flux_Rate","REGU.SE","REGU.CI_lower","REGU.CI_upper","NA","NA","NA","NA","NA","NA"
"ORIZ02900","PT",85.9252078118724,2.25458648913665,81.506299493134,90.3441161306108,15,15,92.7857108284553,1.68566417081804,89.4818697636223,96.0895518932882,15,15,90.1269619832441,1.23541102952027,87.7056008592808,92.5483231072074,15,15,90.1269619832441,1.23541102952027,87.7056008592808,92.5483231072074,15,15
