"site.id","constituent","Water_Year","n","CMP.Flux_Rate","CMP.SE","CMP.CI_lower","CMP.CI_upper","INT.Flux_Rate","INT.SE","INT.CI_lower","INT.CI_upper","REGC.Flux_Rate","REGC.SE","REGC.CI_lower","REGC.CI_upper","REGU.Flux_Rate","REGU.SE","REGU.CI_lower","REGU.CI_upper","NA","NA","NA","NA","NA","NA"
"RONC02800","PT",45.3368977846205,1.7293525423529,41.947429085036,48.7263664842049,15,15,33.2796200044367,0.582633382571659,32.1376795584055,34.4215604504679,15,15,59.6789601678814,17.1839061809373,25.999122939529,93.3587973962338,15,15,54.7015406727572,40.7723434529528,-25.2107840603278,134.613865405842,15,15
