"site.id","constituent","REG.model","REG.RMSE","REG.r.squared","REG.p.value","REG.Intercept","REG.lnQ","REG.DECTIME","REG.sin.DECTIME","REG.cos.DECTIME","REG.Intercept.SE","REG.lnQ.SE","REG.DECTIME.SE","REG.sin.DECTIME.SE","REG.cos.DECTIME.SE","REG.Intercept.p.value","REG.lnQ.p.value","REG.DECTIME.p.value","REG.sin.DECTIME.p.value","REG.cos.DECTIME.p.value","INT.RMSE.lin","INT.durbin.watson","INT.rho","INT.acf1","INT.acf1demean","INT.corlag1","CMP.RMSE.log","CMP.reg.durbin.watson","CMP.reg.rho","CMP.int.durbin.watson","CMP.int.rho","CMP.correction.frac"
"MOGU02900","NO3","rloadest_7",0.487246379221,45.729524632062,1.99460203909041e-09,8.04642618504074,0.77410992311921,0.0609736582011077,-0.198357983091315,-0.0894129529303722,0.0552750346062948,0.122688925589091,0.013540969279611,0.101358809281203,0.0842941307827828,3.99287189750177e-93,1.49067718553376e-08,1.19410558395186e-05,0.0516171336126926,0.290642833507644,0.253293125464169,0.201671291391621,0.897796528248531,0.887066513163742,0.441132358523963,0.446460974366175,0.96345349855959,1.91241629165464,0.0411827245697917,1.91241629165464,0.0411827245697917,0.27578989333813
