"site.id","constituent","REG.eqn","REG.RMSE","REG.r.squared","REG.p.value","REG.cor.resid","REG.PPCC","REG.Intercept","REG.lnQ","REG.DECTIME","REG.sin.DECTIME","REG.cos.DECTIME","REG.Intercept.SE","REG.lnQ.SE","REG.DECTIME.SE","REG.sin.DECTIME.SE","REG.cos.DECTIME.SE","REG.Intercept.p.value","REG.lnQ.p.value","REG.DECTIME.p.value","REG.sin.DECTIME.p.value","REG.cos.DECTIME.p.value","INT.RMSE.lin","INT.durbin.watson","INT.rho","INT.acf1","INT.acf1demean","INT.corlag1","CMP.RMSE.log","CMP.reg.durbin.watson","CMP.reg.rho","CMP.int.durbin.watson","CMP.int.rho","CMP.correction.frac"
"MOGU02900","NO3","NO3 ~ model(7)",0.592395717779541,36.0093547492572,3.36718781634993e-07,-0.0494559416486713,0.955470958705043,-0.861704877374018,-0.289442385282956,0.0666808703541267,-0.209876109140351,-0.101284743689649,0.0668906048297621,0.148307326742622,0.0164142089188713,0.12319350631901,0.102390123782144,9.20966046496356e-22,0.0479720825422637,6.95318957153423e-05,0.0824533088599507,0.318381312161644,0.253293125464169,0.201671291391621,0.897796528248531,0.887066513163742,0.441132358523963,0.446460974366175,0.96345349855959,1.91241629165464,0.0411827245697917,1.91241629165464,0.0411827245697917,0.27578989333813
