"site.id","constituent","REG.model","REG.RMSE","REG.r.squared","REG.p.value","REG.Intercept","REG.lnQ","REG.DECTIME","REG.sin.DECTIME","REG.cos.DECTIME","REG.Intercept.SE","REG.lnQ.SE","REG.DECTIME.SE","REG.sin.DECTIME.SE","REG.cos.DECTIME.SE","REG.Intercept.p.value","REG.lnQ.p.value","REG.DECTIME.p.value","REG.sin.DECTIME.p.value","REG.cos.DECTIME.p.value","INT.RMSE.lin","INT.durbin.watson","INT.rho","INT.acf1","INT.acf1demean","INT.corlag1","CMP.RMSE.log","CMP.reg.durbin.watson","CMP.reg.rho","CMP.int.durbin.watson","CMP.int.rho","CMP.correction.frac"
"MOGU02900","NO3","rloadest_7",0.570408845206081,38.8436507281559,8.58757097654816e-08,8.0086016092632,0.762859671807536,0.0685239840174786,-0.206776800254611,-0.0907897956256401,0.0650764481291752,0.143862860111243,0.0162903939386082,0.119487838251484,0.0998246558525817,1.54952243960996e-92,4.11388431775281e-07,3.40437656005955e-05,0.0766389987313965,0.349212611461122,0.255737857682143,0.201303139939901,0.898186035376743,0.886968907125991,0.45323836298892,0.458724472749696,0.802956102611524,1.99935663044313,-0.00160340533912343,1.99935663044313,-0.00160340533912343,0.24360394085147
