"site.id","constituent","REG.eqn","REG.RMSE","REG.r.squared","REG.p.value","REG.cor.resid","REG.PPCC","REG.Intercept","REG.lnQ","REG.DECTIME","REG.sin.DECTIME","REG.cos.DECTIME","REG.Intercept.SE","REG.lnQ.SE","REG.DECTIME.SE","REG.sin.DECTIME.SE","REG.cos.DECTIME.SE","REG.Intercept.p.value","REG.lnQ.p.value","REG.DECTIME.p.value","REG.sin.DECTIME.p.value","REG.cos.DECTIME.p.value","INT.RMSE.lin","INT.durbin.watson","INT.rho","INT.acf1","INT.acf1demean","INT.corlag1","CMP.RMSE.log","CMP.reg.durbin.watson","CMP.reg.rho","CMP.int.durbin.watson","CMP.int.rho","CMP.correction.frac"
"ORIZ02900","NO3","NO3 ~ model(7)",0.64424092464498,0.419665823964668,8.42513062093708e-07,-0.0442196268910176,0.959127346286882,-0.997728729983713,-0.588275987707602,0.0603362702982296,0.120993011907075,-0.277740461035936,0.0834650476015605,0.197543864217897,0.0266783588985524,0.162845920431462,0.141919362487322,2.63504188775298e-18,0.00280712491869095,0.021141503688918,0.440177290986538,0.0451054848021706,0.400415610697588,0.541312503333709,0.72133519841427,0.721626731306043,0.0957644123666499,0.0975692323940702,NA,1.79284513468557,0.0524271208063004,1.79284513468557,0.0524271208063004,0.572086009315552
