"site.id","constituent","REG.model","REG.RMSE","REG.r.squared","REG.p.value","REG.Intercept","REG.lnQ","REG.DECTIME","REG.sin.DECTIME","REG.cos.DECTIME","REG.Intercept.SE","REG.lnQ.SE","REG.DECTIME.SE","REG.sin.DECTIME.SE","REG.cos.DECTIME.SE","REG.Intercept.p.value","REG.lnQ.p.value","REG.DECTIME.p.value","REG.sin.DECTIME.p.value","REG.cos.DECTIME.p.value","INT.site.id","INT.constituent","INT.RMSE.lin","INT.durbin.watson","INT.rho","INT.acf1","INT.acf1demean","INT.corlag1","CMP.RMSE.log","CMP.reg.durbin.watson","CMP.reg.rho","CMP.int.durbin.watson","CMP.int.rho","CMP.correction.frac"
"ORIZ02900","NO3","rloadest_7",0.608164895923556,27.145148874008,0.000811226186790415,4.60070948898709,0.43812962056996,0.0571467892102253,0.136311803491953,-0.265061355282074,0.0800314693795966,0.188160230167367,0.0256265734278728,0.154680715004684,0.134605168028285,2.67510613464355e-53,0.0184142388010801,0.0224307075602992,0.360537568456754,0.0434226045210187,"ORIZ02900","NO3",0.405871225406413,0.554991864623446,0.714587488696781,0.714547317026936,0.094205056879185,0.0957705036427674,0.912703058374223,2.02868632980881,-0.0440340601450282,2.02868632980881,-0.0440340601450282,0.51423949736138
