"site.id","constituent","REG.model","REG.RMSE","REG.r.squared","REG.p.value","REG.Intercept","REG.lnQ","REG.DECTIME","REG.sin.DECTIME","REG.cos.DECTIME","REG.Intercept.SE","REG.lnQ.SE","REG.DECTIME.SE","REG.sin.DECTIME.SE","REG.cos.DECTIME.SE","REG.Intercept.p.value","REG.lnQ.p.value","REG.DECTIME.p.value","REG.sin.DECTIME.p.value","REG.cos.DECTIME.p.value","INT.RMSE.lin","INT.durbin.watson","INT.rho","INT.acf1","INT.acf1demean","INT.corlag1","CMP.RMSE.log","CMP.reg.durbin.watson","CMP.reg.rho","CMP.int.durbin.watson","CMP.int.rho","CMP.correction.frac"
"ORIZ02900","NO3","rloadest_7",0.552221394609919,30.4621712545604,0.000222691556381105,4.63222626823923,0.466340894946575,0.050328263060013,0.11161029190077,-0.272149006766094,0.0716446359185514,0.169589878880622,0.022897964638775,0.139623083744542,0.121676530249434,7.65375454848507e-55,0.0060574971759695,0.0248664107198046,0.406638118613758,0.0227101806544493,0.400415610697588,0.541312503333709,0.72133519841427,0.721626731306043,0.0957644123666499,0.0975692323940702,0.975362353893259,1.79284513468557,0.0524271208063004,1.79284513468557,0.0524271208063004,0.572086009315552
