"site.id","constituent","REG.model","REG.RMSE","REG.r.squared","REG.p.value","REG.Intercept","REG.lnQ","REG.DECTIME","REG.sin.DECTIME","REG.cos.DECTIME","REG.Intercept.SE","REG.lnQ.SE","REG.DECTIME.SE","REG.sin.DECTIME.SE","REG.cos.DECTIME.SE","REG.Intercept.p.value","REG.lnQ.p.value","REG.DECTIME.p.value","REG.sin.DECTIME.p.value","REG.cos.DECTIME.p.value","INT.RMSE.lin","INT.durbin.watson","INT.rho","INT.acf1","INT.acf1demean","INT.corlag1","CMP.RMSE.log","CMP.reg.durbin.watson","CMP.reg.rho","CMP.int.durbin.watson","CMP.int.rho","CMP.correction.frac"
"RONC02800","NO3","rloadest_7",0.323436071427967,74.694738534546,1.19448059088256e-06,4.05347564651869,0.719490787427623,0.00330665245104356,0.105639777348527,-0.0749709270191235,0.0653819357947892,0.184968381856553,0.0666396800580385,0.11103561685526,0.110238427701398,2.6943566890969e-29,0.000216119313669159,0.954918104926631,0.292181558231459,0.452753566820039,0.0584294446319662,0.138955438428366,0.936747648907521,0.874045679603897,0.253792737311531,0.259527641538853,0.45931700616802,1.26668505942148,0.343984737261159,1.26668505942148,0.343984737261159,0.31724349031271
