"site.id","constituent","REGC.eqn","REGC.RMSE","REGC.r.squared","REGC.p.value","REGC.cor.resid","REGC.PPCC","REGC.Intercept","REGC.lnQ","REGC.DECTIME","REGC.sin.DECTIME","REGC.cos.DECTIME","REGC.Intercept.SE","REGC.lnQ.SE","REGC.DECTIME.SE","REGC.sin.DECTIME.SE","REGC.cos.DECTIME.SE","REGC.Intercept.p.value","REGC.lnQ.p.value","REGC.DECTIME.p.value","REGC.sin.DECTIME.p.value","REGC.cos.DECTIME.p.value","REGU.eqn","REGU.RMSE","REGU.r.squared","REGU.p.value","REGU.cor.resid","REGU.PPCC","REGU.Intercept","REGU.lnQ","REGU.DECTIME","REGU.sin.DECTIME","REGU.cos.DECTIME","REGU.Intercept.SE","REGU.lnQ.SE","REGU.DECTIME.SE","REGU.sin.DECTIME.SE","REGU.cos.DECTIME.SE","REGU.Intercept.p.value","REGU.lnQ.p.value","REGU.DECTIME.p.value","REGU.sin.DECTIME.p.value","REGU.cos.DECTIME.p.value","INT.RMSE.lin","INT.durbin.watson","INT.rho","INT.acf1","INT.acf1demean","INT.corlag1","CMP.RMSE.log","CMP.reg.durbin.watson","CMP.reg.rho","CMP.int.durbin.watson","CMP.int.rho","CMP.correction.frac"
"RONC02800","NO3","NO3 ~ model(7)",0.339792498270681,25.6872043367234,0.115198356158215,0.341644492972524,0.989561898473614,-1.81551075908058,-0.323062844721267,-0.00228545302109929,0.11528456391704,-0.0311384548506621,0.0683804674106087,0.193184352372828,0.069955291591557,0.116553636456303,0.11377528485673,2.69165117561698e-21,0.0704726633564948,0.970863026335998,0.274532756686466,0.759831623968192,"NO3 ~ model(7)",0.339792491123538,71.6876696220024,2.36410671639042e-06,0.341644486504476,0.989561898705361,4.73345893297227,0.676937179915771,-0.00228544613738004,0.115284552810279,-0.0311384634914422,0.0683804659723046,0.193184348309418,0.0699552901201282,0.116553634004732,0.113775282463598,1.15996569779289e-31,0.000541542031005607,0.970863026336366,0.274532756686475,0.759831623968185,0.053103672189407,0.124762267021681,0.943621307616085,0.881577279066819,0.231117824773414,0.236519816976637,0.359057855378209,1.22821020275242,0.361684497977085,1.22821020275242,0.361684497977085,0.298375336714882
