"site.id","constituent","REG.eqn","REG.RMSE","REG.r.squared","REG.p.value","REG.cor.resid","REG.PPCC","REG.Intercept","REG.lnQ","REG.DECTIME","REG.sin.DECTIME","REG.cos.DECTIME","REG.Intercept.SE","REG.lnQ.SE","REG.DECTIME.SE","REG.sin.DECTIME.SE","REG.cos.DECTIME.SE","REG.Intercept.p.value","REG.lnQ.p.value","REG.DECTIME.p.value","REG.sin.DECTIME.p.value","REG.cos.DECTIME.p.value","INT.RMSE.lin","INT.durbin.watson","INT.rho","INT.acf1","INT.acf1demean","INT.corlag1","CMP.RMSE.log","CMP.reg.durbin.watson","CMP.reg.rho","CMP.int.durbin.watson","CMP.int.rho","CMP.correction.frac"
"RONC02800","NO3","NO3 ~ model(7)",0.339792498270681,0.256872043367234,0.115198356158215,0.341644492972524,0.989561898473614,-1.81551075908058,-0.323062844721267,-0.00228545302109929,0.11528456391704,-0.0311384548506621,0.0683804674106087,0.193184352372828,0.069955291591557,0.116553636456303,0.11377528485673,2.69165117561698e-21,0.0704726633564948,0.970863026335998,0.274532756686466,0.759831623968192,0.053103672189407,0.124762267021681,0.943621307616085,0.881577279066819,0.231117824773414,0.236519816976637,NA,1.22821020275242,0.361684497977085,1.22821020275242,0.361684497977085,0.298375336714882
