"site.id","constituent","REG.model","REG.RMSE","REG.r.squared","REG.p.value","REG.Intercept","REG.lnQ","REG.DECTIME","REG.sin.DECTIME","REG.cos.DECTIME","REG.Intercept.SE","REG.lnQ.SE","REG.DECTIME.SE","REG.sin.DECTIME.SE","REG.cos.DECTIME.SE","REG.Intercept.p.value","REG.lnQ.p.value","REG.DECTIME.p.value","REG.sin.DECTIME.p.value","REG.cos.DECTIME.p.value","INT.RMSE.lin","INT.durbin.watson","INT.rho","INT.acf1","INT.acf1demean","INT.corlag1","CMP.RMSE.log","CMP.reg.durbin.watson","CMP.reg.rho","CMP.int.durbin.watson","CMP.int.rho","CMP.correction.frac"
"RONC02800","NO3","rloadest_7",0.339792494127012,71.6876692391436,2.36410671639042e-06,4.04031175237744,0.676937167203483,-0.00228545104525423,0.115284558812769,-0.0311384615341455,0.0683804665767291,0.193184350017001,0.0699552907384729,0.116553635034966,0.113775283469274,6.13486840919192e-30,0.000541542031005611,0.970863026335649,0.274532756686465,0.759831623968183,0.053103672189407,0.124762267021681,0.943621307616085,0.881577279066819,0.231117824773414,0.236519816976637,0.359057855378209,1.22821020275242,0.361684497977085,1.22821020275242,0.361684497977085,0.298375336714882
