"site.id","constituent","multi_year_avg.rloadest","SE.rloadest","CI_lower.rloadest","CI_upper.rloadest","multi_year_avg.interpolation","SE.interpolation","CI_lower.interpolation","CI_upper.interpolation","multi_year_avg.composite","SE.composite","CI_lower.composite","CI_upper.composite"
"MOGU02900","PT",1466.56136524727,21.3121059500189,1424.79040515053,1508.332325344,1317.42931357228,16.1117377121396,1285.85088792813,1349.00773921643,1362.04808772968,29.4951566631108,1304.23864295162,1419.85753250775
"ORIZ02900","PT",90.9574736749129,1.23977739161814,88.5275546384943,93.3873927113314,93.070738506152,1.66577996104698,89.8058697763314,96.3356072359726,86.6551049092853,2.24711351373441,82.2508433531926,91.059366465378
"RONC02800","PT",95.6839174856778,10.4340929580511,75.2334710765547,116.134363894801,33.145256614142,0.543378214744464,32.0802548832592,34.2102583450248,75.8061958735948,1.66079196694808,72.5511034325631,79.0612883146264
