"site.id","constituent","model","RMSE","r.squared","p.value","Intercept","lnQ","DECTIME","sin.DECTIME","cos.DECTIME","Intercept.SE","lnQ.SE","DECTIME.SE","sin.DECTIME.SE","cos.DECTIME.SE","Intercept.p.value","lnQ.p.value","DECTIME.p.value","sin.DECTIME.p.value","cos.DECTIME.p.value"
"MOGU02900","PT","rloadest_7",0.674129072839936,59.6626718143498,1.11022302462516e-15,6.90109898946137,1.35209059727148,-0.0290385243844784,-0.15306535531489,-0.0308015811301289,0.0743673804180811,0.165495109153407,0.0183703199389568,0.137023503793734,0.114881986876189,7.30120063833777e-88,7.36503772040106e-13,0.105810604723754,0.251228042174681,0.782235790518231
"ORIZ02900","PT","rloadest_7",0.750765808659464,11.3854094809656,0.0512478969877244,4.25128176452399,0.380408220775794,0.000788117380720294,-0.259993326141571,0.146601526711815,0.0868814497740621,0.215553685350685,0.0232768987187465,0.175017088495771,0.147608704140702,1.13160197217574e-61,0.0710414048920659,0.972080903322355,0.12747272206978,0.306221115276442
"RONC02800","PT","rloadest_7",0.743918232321148,40.5375772662387,0.00455821288364944,3.11880258539196,0.257741213364824,-0.261103796386359,0.0736147849339987,0.336648751462184,0.140156080214535,0.381299084275543,0.137804316157346,0.245022387922976,0.20879586639297,3.65799259584217e-21,0.459580208327936,0.0443643220669573,0.741439571293743,0.0841716570116111
