"site.id","constituent","multi_year_avg.rloadest","SE.rloadest","CI_lower.rloadest","CI_upper.rloadest","multi_year_avg.interpolation","SE.interpolation","CI_lower.interpolation","CI_upper.interpolation","multi_year_avg.composite","SE.composite","CI_lower.composite","CI_upper.composite"
"MOGU02900","NO3",7204.91776490087,71.3301293376645,7065.11328038646,7344.72224941527,6894.29163267447,65.0250086932982,6766.84495754121,7021.73830780774,6666.04866523874,98.1244072812874,6473.72836096308,6858.3689695144
"ORIZ02900","NO3",216.776805089324,2.27382511895727,212.320189749025,221.233420429623,196.936377956194,4.20615201090545,188.692471501318,205.180284411069,191.109580016952,3.5513014555574,184.149157065814,198.070002968089
"RONC02800","NO3",144.800957507442,1.24859956987963,142.353747319366,147.248167695519,187.738090615769,1.0442258445642,185.691445568698,189.784735662841,185.117511527659,1.0334542900084,183.091978339574,187.143044715744
