"site.id","constituent","multi_year_avg.rloadest","SE.rloadest","CI_lower.rloadest","CI_upper.rloadest","multi_year_avg.interpolation","SE.interpolation","CI_lower.interpolation","CI_upper.interpolation","multi_year_avg.composite","SE.composite","CI_lower.composite","CI_upper.composite"
"MOGU02900","NO3",7204.91776490087,71.3301293376645,7065.11328038646,7344.72224941527,6894.29163267447,65.0250086932982,6766.84495754121,7021.73830780774,6666.04866523874,97.827537367824,6474.31021530156,6857.78711517592
"ORIZ02900","NO3",216.776805089324,2.27382511895727,212.320189749025,221.233420429623,196.936377956194,4.20615201090545,188.692471501318,205.180284411069,191.109580016952,3.57463037029724,184.103433233126,198.115726800777
"RONC02800","NO3",144.800957507442,1.24859956987963,142.353747319366,147.248167695519,187.738090615769,1.0442258445642,185.691445568698,189.784735662841,185.117511527659,1.0050654229116,183.147619496646,187.087403558672
