"site.id","constituent","Water_Year","n","CMP.Flux_Rate","CMP.SE","CMP.CI_lower","CMP.CI_upper","INT.Flux_Rate","INT.SE","INT.CI_lower","INT.CI_upper","REGC.Flux_Rate","REGC.SE","REGC.CI_lower","REGC.CI_upper","REGU.Flux_Rate","REGU.SE","REGU.CI_lower","REGU.CI_upper","NA","NA","NA","NA","NA","NA"
"Musk","NO23",34806.2940820736,870.80787461607,33099.5420103723,36513.046153775,10,10,33240.9752253616,156.941740942454,32933.3750654434,33548.5753852798,10,10,45683.78295892,975.659330607831,43771.5258097482,47596.0401080918,10,10,45683.78295892,975.659330607831,43771.5258097482,47596.0401080918,10,10
