"site.id","constituent","Water_Year","n","CMP.Flux_Rate","CMP.SE","CMP.CI_lower","CMP.CI_upper","INT.Flux_Rate","INT.SE","INT.CI_lower","INT.CI_upper","REGC.Flux_Rate","REGC.SE","REGC.CI_lower","REGC.CI_upper","REGU.Flux_Rate","REGU.SE","REGU.CI_lower","REGU.CI_upper","NA","NA","NA","NA","NA","NA"
"Rac","NO23",57050.199916129,2314.72664802357,52513.4190519477,61586.9807803103,10,10,52447.9548906466,860.573864890747,50761.2611094243,54134.6486718689,10,10,125104.685680089,8198.11125951519,109036.682870186,141172.688489991,10,10,125104.685680089,8198.11125951519,109036.682870186,141172.688489991,10,10
