"site.id","constituent","REG.Multi_Year_Avg","REG.multiSE","REG.CI_lower","REG.CI_upper","REG.years.record","REG.years.complete","INT.Multi_Year_Avg","INT.multiSE","INT.CI_lower","INT.CI_upper","INT.years.record","INT.years.complete","CMP.Multi_Year_Avg","CMP.multiSE","CMP.CI_lower","CMP.CI_upper","CMP.years.record","CMP.years.complete"
"MOGU02900","NO3",3572.74839244721,30.4334081472146,3513.10000855186,3632.39677634256,15,15,6809.70734388087,70.5863773875017,6671.36058640222,6948.05410135953,15,15,6573.07877448284,131.217459234024,6315.8972802413,6830.26026872438,15,15
"ORIZ02900","NO3",109.406622001102,1.03290432023535,107.382166733965,111.431077268239,15,15,192.407184999485,4.30769977915422,183.964248576132,200.850121422839,15,15,184.777238163872,4.52099102251617,175.916258585311,193.638217742433,15,15
"RONC02800","NO3",69.1815396910123,0.647158732779783,67.9131318824834,70.4499474995413,15,15,188.633854170766,0.88086950501625,186.907381665855,190.360326675678,15,15,183.690642719516,1.08871873424008,181.556793211111,185.82449222792,15,15
