"Site_Id","constituent","years.record","years.complete","multi_year_avg.rloadest","multiSE.rloadest","CI_lower.rloadest","CI_upper.rloadest","multi_year_avg.interpolation","multiSE.interpolation","CI_lower.interpolation","CI_upper.interpolation","multi_year_avg.composite","multiSE.composite","CI_lower.composite","CI_upper.composite"
"MOGU02900","NO3",15,15,3603.58328619131,37.0405416649879,3530.98515856008,3676.18141382254,6756.05605343776,66.5875165274501,6625.54691922399,6886.56518765153,6593.33539725451,102.324762608367,6392.7825478155,6793.88824669352
"ORIZ02900","NO3",15,15,108.87414714102,1.16020705445368,106.600183099682,111.148111182359,192.909780387262,4.39282615614076,184.299999330881,201.519561443644,186.768885370103,4.08278031179734,178.766783002191,194.770987738015
"RONC02800","NO3",15,15,69.40909844535,0.601397913850774,68.230380193825,70.5878166968751,188.220198146417,0.946278561829126,186.36552624589,190.074870046945,184.204589097829,1.42832403537855,181.405125430234,187.004052765424
