"site.id","constituent","years.record","years.complete","REG.Flux_Rate","REG.SE","REG.CI_lower","REG.CI_upper","CMP.Flux_Rate","CMP.SE","CMP.CI_lower","CMP.CI_upper","INT.Flux_Rate","INT.SE","INT.CI_lower","INT.CI_upper"
"RONC02800","NO3",15,13,53348.0105707996,16230.9885477934,28485.5102983158,91445.9768029783,71125.8892674103,NA,NA,NA,72262.7057629979,NA,NA,NA
"MOGU02900","NO3",15,13,2743152.79608045,220074.367946885,2337092.57977722,3199173.33862311,2543276.44714789,NA,NA,NA,2621925.02631173,NA,NA,NA
"ORIZ02900","NO3",15,13,83267.3323093204,8048.23226830328,68607.5526669802,100124.167891621,73118.7771584184,NA,NA,NA,76764.7854194109,NA,NA,NA
