"site.id","constituent","CMP.Flux_Rate","CMP.SE","CMP.CI_lower","CMP.CI_upper","CMP.years.record","CMP.years.complete","INT.Flux_Rate","INT.SE","INT.CI_lower","INT.CI_upper","INT.years.record","INT.years.complete","REG.Flux_Rate","REG.SE","REG.CI_lower","REG.CI_upper","REG.years.record","REG.years.complete"
"RONC02800","NO3",67093.0072533032,397.654517681188,66313.6187203584,67872.395786248,15,15,68898.5152358725,321.737586707185,68267.9211534536,69529.1093182914,15,15,50537.1139264972,472.74943529854,49610.5420596004,51463.685793394,15,15
"MOGU02900","NO3",2400817.02237986,47927.1769852271,2306881.48160814,2494752.56315158,15,15,2487245.60735249,25781.674340785,2436714.45418341,2537776.76052157,15,15,2629358.36377151,27946.628631837,2574583.97816379,2684132.74937922,15,15
"ORIZ02900","NO3",67489.8862393543,1651.29197097403,64253.413448285,70726.3590304236,15,15,70276.724321062,1573.38734433608,67192.9417924321,73360.5068496918,15,15,79814.62042028,911.59496693041,78027.9271166085,81601.3137239516,15,15
