"site.id","constituent","CMP.Flux_Rate","CMP.SE","CMP.CI_lower","CMP.CI_upper","CMP.years.record","CMP.years.complete","INT.Flux_Rate","INT.SE","INT.CI_lower","INT.CI_upper","INT.years.record","INT.years.complete","REG.Flux_Rate","REG.SE","REG.CI_lower","REG.CI_upper","REG.years.record","REG.years.complete"
"RONC02800","NO3",183.690642719516,1.08871873424008,181.556793211111,185.82449222792,15,15,188.633854170766,0.88086950501625,186.907381665855,190.360326675678,15,15,138.363077143045,1.29431741354836,135.826261627927,140.899892658163,15,15
"MOGU02900","NO3",6573.07877448284,131.217459234024,6315.8972802413,6830.26026872438,15,15,6809.70734388087,70.5863773875017,6671.36058640222,6948.05410135953,15,15,7198.79086590419,76.5136991973634,7048.82677115343,7348.75496065495,15,15
"ORIZ02900","NO3",184.777238163872,4.52099102251617,175.916258585311,193.638217742433,15,15,192.407184999485,4.30769977915422,183.964248576132,200.850121422839,15,15,218.520521342314,2.49581099775608,213.628821674493,223.412221010134,15,15
