"site.id","constituent","REG.eqn","REG.RMSE","REG.r.squared","REG.p.value","REG.cor.resid","REG.PPCC","REG.Intercept","REG.lnQ","REG.DECTIME","REG.sin.DECTIME","REG.cos.DECTIME","REG.Intercept.SE","REG.lnQ.SE","REG.DECTIME.SE","REG.sin.DECTIME.SE","REG.cos.DECTIME.SE","REG.Intercept.p.value","REG.lnQ.p.value","REG.DECTIME.p.value","REG.sin.DECTIME.p.value","REG.cos.DECTIME.p.value","INT.RMSE.lin","INT.durbin.watson","INT.rho","INT.acf1","INT.acf1demean","INT.corlag1","CMP.RMSE.log","CMP.reg.durbin.watson","CMP.reg.rho","CMP.int.durbin.watson","CMP.int.rho","CMP.correction.frac"
"RONC02800","NO3","NO3 ~ model(7)",0.339792498270681,0.256872043367234,0.115198356158215,0.341644492972524,0.989561898473614,-1.81551075908058,-0.323062844721267,-0.00228545302109929,0.11528456391704,-0.0311384548506621,0.0683804674106087,0.193184352372828,0.069955291591557,0.116553636456303,0.11377528485673,2.69165117561698e-21,0.0704726633564948,0.970863026335998,0.274532756686466,0.759831623968192,0.053103672189407,0.124762267021681,0.943621307616085,0.881577279066819,0.231117824773414,0.236519816976637,NA,1.22821020275242,0.361684497977085,1.22821020275242,0.361684497977085,0.298375336714882
"MOGU02900","NO3","NO3 ~ model(7)",0.592395717779541,0.356263044835881,3.36718781634993e-07,-0.0494559416486713,0.955470958705043,-0.861704877374018,-0.289442385282956,0.0666808703541267,-0.209876109140351,-0.101284743689649,0.0668906048297621,0.148307326742622,0.0164142089188713,0.12319350631901,0.102390123782144,9.20966046496356e-22,0.0479720825422637,6.95318957153423e-05,0.0824533088599507,0.318381312161644,0.253293125464169,0.201671291391621,0.897796528248531,0.887066513163742,0.441132358523963,0.446460974366175,NA,1.91241629165464,0.0411827245697917,1.91241629165464,0.0411827245697917,0.27578989333813
"ORIZ02900","NO3","NO3 ~ model(7)",0.64424092464498,0.419665823964668,8.42513062093708e-07,-0.0442196268910176,0.959127346286882,-0.997728729983713,-0.588275987707602,0.0603362702982296,0.120993011907075,-0.277740461035936,0.0834650476015605,0.197543864217897,0.0266783588985524,0.162845920431462,0.141919362487322,2.63504188775298e-18,0.00280712491869095,0.021141503688918,0.440177290986538,0.0451054848021706,0.400415610697588,0.541312503333709,0.72133519841427,0.721626731306043,0.0957644123666499,0.0975692323940702,NA,1.79284513468557,0.0524271208063004,1.79284513468557,0.0524271208063004,0.572086009315552
