"site.id","constituent","REG.model","REG.RMSE","REG.r.squared","REG.p.value","REG.Intercept","REG.lnQ","REG.DECTIME","REG.sin.DECTIME","REG.cos.DECTIME","REG.Intercept.SE","REG.lnQ.SE","REG.DECTIME.SE","REG.sin.DECTIME.SE","REG.cos.DECTIME.SE","REG.Intercept.p.value","REG.lnQ.p.value","REG.DECTIME.p.value","REG.sin.DECTIME.p.value","REG.cos.DECTIME.p.value","INT.RMSE.lin","INT.durbin.watson","INT.rho","INT.acf1","INT.acf1demean","INT.corlag1","CMP.RMSE.log","CMP.reg.durbin.watson","CMP.reg.rho","CMP.int.durbin.watson","CMP.int.rho","CMP.correction.frac"
"MOGU02900","NO3","rloadest_7",0.487246379221,45.729524632062,1.99460203909041e-09,8.04642618504074,0.77410992311921,0.0609736582011077,-0.198357983091315,-0.0894129529303722,0.0552750346062948,0.122688925589091,0.013540969279611,0.101358809281203,0.0842941307827828,3.99287189750177e-93,1.49067718553376e-08,1.19410558395186e-05,0.0516171336126926,0.290642833507644,0.253293125464169,0.201671291391621,0.897796528248531,0.887066513163742,0.441132358523963,0.446460974366175,0.96345349855959,1.91241629165464,0.0411827245697917,1.91241629165464,0.0411827245697917,0.27578989333813
"ORIZ02900","NO3","rloadest_7",0.552221394609919,30.4621712545604,0.000222691556381105,4.63222626823923,0.466340894946575,0.050328263060013,0.11161029190077,-0.272149006766094,0.0716446359185514,0.169589878880622,0.022897964638775,0.139623083744542,0.121676530249434,7.65375454848507e-55,0.0060574971759695,0.0248664107198046,0.406638118613758,0.0227101806544493,0.400415610697588,0.541312503333709,0.72133519841427,0.721626731306043,0.0957644123666499,0.0975692323940702,0.975362353893259,1.79284513468557,0.0524271208063004,1.79284513468557,0.0524271208063004,0.572086009315552
"RONC02800","NO3","rloadest_7",0.339792494127012,71.6876692391436,2.36410671639042e-06,4.04031175237744,0.676937167203483,-0.00228545104525423,0.115284558812769,-0.0311384615341455,0.0683804665767291,0.193184350017001,0.0699552907384729,0.116553635034966,0.113775283469274,6.13486840919192e-30,0.000541542031005611,0.970863026335649,0.274532756686465,0.759831623968183,0.053103672189407,0.124762267021681,0.943621307616085,0.881577279066819,0.231117824773414,0.236519816976637,0.359057855378209,1.22821020275242,0.361684497977085,1.22821020275242,0.361684497977085,0.298375336714882
