"site.id","RMSE","r.squared","p.value","Intercept","lnQ","DECTIME","sin.DECTIME","cos.DECTIME","Intercept.SE","lnQ.SE","DECTIME.SE","sin.DECTIME.SE","cos.DECTIME.SE","Intercept.p.value","lnQ.p.value","DECTIME.p.value","sin.DECTIME.p.value","cos.DECTIME.p.value"
"",0.674129072839936,59.66267181435,1.11022302462516e-15,6.90109898946137,1.35209059727148,-0.0290385243844784,-0.15306535531489,-0.030801581130129,0.0743673804180811,0.165495109153407,0.0183703199389568,0.137023503793734,0.114881986876189,7.30120063833798e-88,7.36503772040117e-13,0.105810604723751,0.251228042174687,0.782235790518231
