"site.id","constituent","REG.model","REG.RMSE","REG.r.squared","REG.p.value","REG.Intercept","REG.lnQ","REG.DECTIME","REG.sin.DECTIME","REG.cos.DECTIME","REG.Intercept.SE","REG.lnQ.SE","REG.DECTIME.SE","REG.sin.DECTIME.SE","REG.cos.DECTIME.SE","REG.Intercept.p.value","REG.lnQ.p.value","REG.DECTIME.p.value","REG.sin.DECTIME.p.value","REG.cos.DECTIME.p.value","INT.RMSE.lin","INT.durbin.watson","INT.rho","INT.acf1","INT.acf1demean","INT.corlag1","CMP.RMSE.log","CMP.reg.durbin.watson","CMP.reg.rho","CMP.int.durbin.watson","CMP.int.rho","CMP.correction.frac"
"MOGU02900","PT","rloadest_7",0.581569006575761,66.5592291280271,0,6.24874894307372,1.33879078392537,-0.0274679115729641,-0.146532082137944,-0.0299809492546265,0.0652232202893308,0.144943517625954,0.0160770514530671,0.120980194799747,0.1013372978613,4.70879112115131e-79,7.78607867252018e-15,0.0812565270548087,0.214364503656432,0.759974063362436,0.0503807454509669,0.295917534099733,0.85177045328258,0.837477859485494,0.239935647074721,0.241150532755726,1.13387231402908,1.63250387309873,0.180644170146826,1.63250387309873,0.180644170146826,0.382211371144618
