"site.id","constituent","REG.eqn","REG.RMSE","REG.r.squared","REG.p.value","REG.cor.resid","REG.PPCC","REG.Intercept","REG.lnQ","REG.DECTIME","REG.sin.DECTIME","REG.cos.DECTIME","REG.Intercept.SE","REG.lnQ.SE","REG.DECTIME.SE","REG.sin.DECTIME.SE","REG.cos.DECTIME.SE","REG.Intercept.p.value","REG.lnQ.p.value","REG.DECTIME.p.value","REG.sin.DECTIME.p.value","REG.cos.DECTIME.p.value","INT.RMSE.lin","INT.durbin.watson","INT.rho","INT.acf1","INT.acf1demean","INT.corlag1","CMP.RMSE.log","CMP.reg.durbin.watson","CMP.reg.rho","CMP.int.durbin.watson","CMP.int.rho","CMP.correction.frac"
"MOGU02900","PT","PT ~ model(7)",0.726316171201098,10.0484178559709,0.0736243178589545,0.0679883457861738,0.992893415868076,-2.6637064048415,0.404697807806003,-0.0292082649036923,-0.193237122881573,-0.0664342845611904,0.0813568396770355,0.179655429318036,0.0200076897219615,0.149523234472724,0.126517519750114,1.29045654342906e-47,0.0223913528771129,0.135757011383575,0.18702381012622,0.588262002646556,0.0503807454509669,0.295917534099733,0.85177045328258,0.837477859485494,0.239935647074721,0.241150532755726,1.13387231402908,1.63250387309873,0.180644170146826,1.63250387309873,0.180644170146826,0.382211371144618
