"site.id","constituent","REG.eqn","REG.RMSE","REG.r.squared","REG.p.value","REG.cor.resid","REG.PPCC","REG.Intercept","REG.lnQ","REG.DECTIME","REG.sin.DECTIME","REG.cos.DECTIME","REG.Intercept.SE","REG.lnQ.SE","REG.DECTIME.SE","REG.sin.DECTIME.SE","REG.cos.DECTIME.SE","REG.Intercept.p.value","REG.lnQ.p.value","REG.DECTIME.p.value","REG.sin.DECTIME.p.value","REG.cos.DECTIME.p.value","INT.RMSE.lin","INT.durbin.watson","INT.rho","INT.acf1","INT.acf1demean","INT.corlag1","CMP.RMSE.log","CMP.reg.durbin.watson","CMP.reg.rho","CMP.int.durbin.watson","CMP.int.rho","CMP.correction.frac"
"ORIZ02900","PT","PT ~ model(7)",0.756772148177611,0.330379969964384,3.90785211823452e-06,0.359579454981185,0.963544415615814,-2.02590256481067,-0.638070683499658,-0.00457051978817606,-0.255502902017619,0.141519429714251,0.0889215278073292,0.218906410449468,0.024197964125063,0.176804008550415,0.149930383055507,7.07179262842776e-37,0.00337985525701126,0.845084999766494,0.137725200657188,0.330290705957228,0.32960602479164,0.711267953229486,0.639083205550925,0.633213533537884,0.398405065977831,0.400411605972208,NA,1.12021052514874,0.433044317465065,1.12021052514874,0.433044317465065,0.531636538676057
