"site.id","constituent","REGC.eqn","REGC.RMSE","REGC.r.squared","REGC.p.value","REGC.cor.resid","REGC.PPCC","REGC.Intercept","REGC.lnQ","REGC.DECTIME","REGC.sin.DECTIME","REGC.cos.DECTIME","REGC.Intercept.SE","REGC.lnQ.SE","REGC.DECTIME.SE","REGC.sin.DECTIME.SE","REGC.cos.DECTIME.SE","REGC.Intercept.p.value","REGC.lnQ.p.value","REGC.DECTIME.p.value","REGC.sin.DECTIME.p.value","REGC.cos.DECTIME.p.value","REGU.eqn","REGU.RMSE","REGU.r.squared","REGU.p.value","REGU.cor.resid","REGU.PPCC","REGU.Intercept","REGU.lnQ","REGU.DECTIME","REGU.sin.DECTIME","REGU.cos.DECTIME","REGU.Intercept.SE","REGU.lnQ.SE","REGU.DECTIME.SE","REGU.sin.DECTIME.SE","REGU.cos.DECTIME.SE","REGU.Intercept.p.value","REGU.lnQ.p.value","REGU.DECTIME.p.value","REGU.sin.DECTIME.p.value","REGU.cos.DECTIME.p.value","INT.RMSE.lin","INT.durbin.watson","INT.rho","INT.acf1","INT.acf1demean","INT.corlag1","CMP.RMSE.log","CMP.reg.durbin.watson","CMP.reg.rho","CMP.int.durbin.watson","CMP.int.rho","CMP.correction.frac"
"ORIZ02900","PT","PT ~ model(7)",0.756772148177611,33.0379969964384,3.90785211823452e-06,0.359579454981185,0.963544415615814,-2.02590256481067,-0.638070683499658,-0.00457051978817606,-0.255502902017619,0.141519429714251,0.0889215278073292,0.218906410449468,0.024197964125063,0.176804008550415,0.149930383055507,7.07179262842776e-37,0.00337985525701126,0.845084999766494,0.137725200657188,0.330290705957228,"PT ~ model(7)",0.756772148177614,10.8177944785882,0.0690233803923007,0.359579454981188,0.963544415615815,4.23594097862988,0.361929316500356,-0.0045705197881755,-0.255502902017627,0.141519429714244,0.0889215278073295,0.218906410449469,0.0241979641250631,0.176804008550416,0.149930383055507,1.00898978340466e-59,0.0901801740871311,0.845084999766608,0.137725200657193,0.330290705957228,0.32960602479164,0.711267953229486,0.639083205550925,0.633213533537884,0.398405065977831,0.400411605972208,0.962390430134646,1.12021052514874,0.433044317465065,1.12021052514874,0.433044317465065,0.531636538676057
