"site.id","constituent","REG.model","REG.RMSE","REG.r.squared","REG.p.value","REG.Intercept","REG.lnQ","REG.DECTIME","REG.sin.DECTIME","REG.cos.DECTIME","REG.Intercept.SE","REG.lnQ.SE","REG.DECTIME.SE","REG.sin.DECTIME.SE","REG.cos.DECTIME.SE","REG.Intercept.p.value","REG.lnQ.p.value","REG.DECTIME.p.value","REG.sin.DECTIME.p.value","REG.cos.DECTIME.p.value","INT.RMSE.lin","INT.durbin.watson","INT.rho","INT.acf1","INT.acf1demean","INT.corlag1","CMP.RMSE.log","CMP.reg.durbin.watson","CMP.reg.rho","CMP.int.durbin.watson","CMP.int.rho","CMP.correction.frac"
"ORIZ02900","PT","rloadest_7",0.763586674708727,12.7727270903792,0.0423571647564321,3.52663790396385,0.408661141809095,-0.00723051393844602,-0.304829119248243,0.143544955767232,0.0909746583094349,0.229648355384126,0.0247671082638313,0.186934499446796,0.155719449152689,2.72119283140533e-51,0.0681988222382794,0.761096528078445,0.0932996950235208,0.34372870939752,0.334571033288582,0.738555686880673,0.625342173421219,0.619441870833362,0.384977686241701,0.386943825475758,1.01139995645006,1.21633771060072,0.384697827013536,1.21633771060072,0.384697827013536,0.537282463055075
