"site.id","constituent","REG.model","REG.RMSE","REG.r.squared","REG.p.value","REG.Intercept","REG.lnQ","REG.DECTIME","REG.sin.DECTIME","REG.cos.DECTIME","REG.Intercept.SE","REG.lnQ.SE","REG.DECTIME.SE","REG.sin.DECTIME.SE","REG.cos.DECTIME.SE","REG.Intercept.p.value","REG.lnQ.p.value","REG.DECTIME.p.value","REG.sin.DECTIME.p.value","REG.cos.DECTIME.p.value","INT.RMSE.lin","INT.durbin.watson","INT.rho","INT.acf1","INT.acf1demean","INT.corlag1","CMP.RMSE.log","CMP.reg.durbin.watson","CMP.reg.rho","CMP.int.durbin.watson","CMP.int.rho","CMP.correction.frac"
"ORIZ02900","PT","rloadest_7",0.756772148177228,10.817794478596,0.0690233803923007,3.54279379806971,0.361929316499618,-0.00457051978829375,-0.25550290201702,0.141519429714638,0.0889215278072842,0.218906410449357,0.0241979641250508,0.176804008550326,0.149930383055431,5.13395544841893e-54,0.0901801740871245,0.845084999766437,0.137725200657186,0.330290705957236,0.32960602479164,0.711267953229486,0.639083205550925,0.633213533537884,0.398405065977831,0.400411605972208,0.962390430134646,1.12021052514874,0.433044317465065,1.12021052514874,0.433044317465065,0.531636538676057
