"site.id","constituent","REG.model","REG.RMSE","REG.r.squared","REG.p.value","REG.Intercept","REG.lnQ","REG.DECTIME","REG.sin.DECTIME","REG.cos.DECTIME","REG.Intercept.SE","REG.lnQ.SE","REG.DECTIME.SE","REG.sin.DECTIME.SE","REG.cos.DECTIME.SE","REG.Intercept.p.value","REG.lnQ.p.value","REG.DECTIME.p.value","REG.sin.DECTIME.p.value","REG.cos.DECTIME.p.value","INT.RMSE.lin","INT.durbin.watson","INT.rho","INT.acf1","INT.acf1demean","INT.corlag1","CMP.RMSE.log","CMP.reg.durbin.watson","CMP.reg.rho","CMP.int.durbin.watson","CMP.int.rho","CMP.correction.frac"
"RONC02800","PT","rloadest_7",0.719059887871837,42.0750897828294,0.00775554688637548,2.39967772589971,0.166466451493865,-0.278234777659746,0.082249467887697,0.297187778168296,0.144454044955227,0.420569397513223,0.152362461150036,0.240726676354087,0.227274114555945,1.69007320335168e-15,0.661994749163576,0.0492872579328398,0.70524073405514,0.152502731748341,0.029253697991089,0.33438070949167,0.861620414349558,0.734140235683119,0.246328226183029,0.288343046426102,1.01683493979382,1.52947429494235,0.215905135534694,1.52947429494235,0.215905135534694,0.198483349601116
