"site.id","constituent","REG.eqn","REG.RMSE","REG.r.squared","REG.p.value","REG.cor.resid","REG.PPCC","REG.Intercept","REG.lnQ","REG.DECTIME","REG.sin.DECTIME","REG.cos.DECTIME","REG.Intercept.SE","REG.lnQ.SE","REG.DECTIME.SE","REG.sin.DECTIME.SE","REG.cos.DECTIME.SE","REG.Intercept.p.value","REG.lnQ.p.value","REG.DECTIME.p.value","REG.sin.DECTIME.p.value","REG.cos.DECTIME.p.value","INT.RMSE.lin","INT.durbin.watson","INT.rho","INT.acf1","INT.acf1demean","INT.corlag1","CMP.RMSE.log","CMP.reg.durbin.watson","CMP.reg.rho","CMP.int.durbin.watson","CMP.int.rho","CMP.correction.frac"
"RONC02800","PT","PT ~ model(7)",0.881145540065489,0.149579696895457,0.3911920141929,0.0379105533596158,0.984381460937755,-3.49337285430702,-0.678687804345794,-0.225802726581603,0.0138291305095532,0.324725678889192,0.174487094958347,0.482497664211529,0.1758238440615,0.294722765407285,0.27804164398156,6.25484190118035e-17,0.129905994178918,0.163849335272276,0.958848087358609,0.204576186664607,0.0308666486681013,0.350109950522265,0.851562631243571,0.728701667582921,0.226123021039162,0.262866930121521,NA,1.55432705859849,0.208962896424271,1.55432705859849,0.208962896424271,0.312301862466605
