"site.id","constituent","REG.model","REG.RMSE","REG.r.squared","REG.p.value","REG.Intercept","REG.lnQ","REG.DECTIME","REG.sin.DECTIME","REG.cos.DECTIME","REG.Intercept.SE","REG.lnQ.SE","REG.DECTIME.SE","REG.sin.DECTIME.SE","REG.cos.DECTIME.SE","REG.Intercept.p.value","REG.lnQ.p.value","REG.DECTIME.p.value","REG.sin.DECTIME.p.value","REG.cos.DECTIME.p.value","INT.RMSE.lin","INT.durbin.watson","INT.rho","INT.acf1","INT.acf1demean","INT.corlag1","CMP.RMSE.log","CMP.reg.durbin.watson","CMP.reg.rho","CMP.int.durbin.watson","CMP.int.rho","CMP.correction.frac"
"RONC02800","PT","rloadest_7",0.613762700966349,53.1890462257818,0.00154499791987861,2.4789381597357,0.439496859548857,-0.187232504232884,0.0549283714758841,0.319824326636811,0.121621888820164,0.336339272456386,0.122555810062041,0.205358660026347,0.193747975823105,3.58682928787412e-15,0.165868460453824,0.100576376518961,0.768662124997571,0.0784230811202115,0.0308666486681013,0.350109950522265,0.851562631243571,0.728701667582921,0.226123021039162,0.262866930121521,1.33916614963154,1.55432705859849,0.208962896424271,1.55432705859849,0.208962896424271,0.312301862466605
