"site.id","constituent","REG.eqn","REG.RMSE","REG.r.squared","REG.p.value","REG.cor.resid","REG.PPCC","REG.Intercept","REG.lnQ","REG.DECTIME","REG.sin.DECTIME","REG.cos.DECTIME","REG.Intercept.SE","REG.lnQ.SE","REG.DECTIME.SE","REG.sin.DECTIME.SE","REG.cos.DECTIME.SE","REG.Intercept.p.value","REG.lnQ.p.value","REG.DECTIME.p.value","REG.sin.DECTIME.p.value","REG.cos.DECTIME.p.value","INT.RMSE.lin","INT.durbin.watson","INT.rho","INT.acf1","INT.acf1demean","INT.corlag1","CMP.RMSE.log","CMP.reg.durbin.watson","CMP.reg.rho","CMP.int.durbin.watson","CMP.int.rho","CMP.correction.frac"
"RONC02800","PT","PT ~ model(7)",0.881145540065489,0.14624376971945,0.3911920141929,0.0379105533596158,0.984381460937755,-3.49337285430702,-0.678687804345794,-0.225802726581603,0.0138291305095532,0.324725678889192,0.174487094958347,0.482497664211529,0.1758238440615,0.294722765407285,0.27804164398156,6.25484190118035e-17,0.129905994178918,0.163849335272276,0.958848087358609,0.204576186664607,0.0308666486681013,0.350109950522265,0.851562631243571,0.728701667582921,0.226123021039162,0.262866930121521,NA,1.55432705859849,0.208962896424271,1.55432705859849,0.208962896424271,0.312301862466605
"MOGU02900","PT","PT ~ model(7)",0.726316171201098,0.0989263621996016,0.0736243178589545,0.0679883457861738,0.992893415868076,-2.6637064048415,0.404697807806003,-0.0292082649036923,-0.193237122881573,-0.0664342845611904,0.0813568396770355,0.179655429318036,0.0200076897219615,0.149523234472724,0.126517519750114,1.29045654342906e-47,0.0223913528771129,0.135757011383575,0.18702381012622,0.588262002646556,0.0503807454509669,0.295917534099733,0.85177045328258,0.837477859485494,0.239935647074721,0.241150532755726,NA,1.63250387309873,0.180644170146826,1.63250387309873,0.180644170146826,0.382211371144618
"ORIZ02900","PT","PT ~ model(7)",0.756772148177611,0.330379969964384,3.90785211823452e-06,0.359579454981185,0.963544415615814,-2.02590256481067,-0.638070683499658,-0.00457051978817606,-0.255502902017619,0.141519429714251,0.0889215278073292,0.218906410449468,0.024197964125063,0.176804008550415,0.149930383055507,7.07179262842776e-37,0.00337985525701126,0.845084999766494,0.137725200657188,0.330290705957228,0.32960602479164,0.711267953229486,0.639083205550925,0.633213533537884,0.398405065977831,0.400411605972208,NA,1.12021052514874,0.433044317465065,1.12021052514874,0.433044317465065,0.531636538676057
