"site.id","constituent","Water_Year","n","CMP.Flux_Rate","CMP.SE","CMP.CI_lower","CMP.CI_upper","INT.Flux_Rate","INT.SE","INT.CI_lower","INT.CI_upper","REGC.Flux_Rate","REGC.SE","REGC.CI_lower","REGC.CI_upper","REGU.Flux_Rate","REGU.SE","REGU.CI_lower","REGU.CI_upper","NA.","NA..1","NA..2","NA..3","NA..4","NA..5"
"MOGU02900","PT",1371.67110043907,44.6356845469896,1284.18676630168,1459.15543457646,15,15,1315.63389817475,16.7170307034921,1282.86912006745,1348.39867628204,15,15,1512.24887326232,24.2801704507031,1464.66061364045,1559.83713288419,15,15,1585.74734363942,30.4380532518252,1526.08985550633,1645.40483177251,15,15
"ORIZ02900","PT",85.9252078118724,2.25458648913665,81.506299493134,90.3441161306108,15,15,92.7857108284553,1.68566417081804,89.4818697636223,96.0895518932882,15,15,90.1269619832441,1.23541102952027,87.7056008592808,92.5483231072074,15,15,90.1269619832441,1.23541102952027,87.7056008592808,92.5483231072074,15,15
"RONC02800","PT",45.3368977846205,1.7293525423529,41.947429085036,48.7263664842049,15,15,33.2796200044367,0.582633382571659,32.1376795584055,34.4215604504679,15,15,59.6789601678814,17.1839061809373,25.999122939529,93.3587973962338,15,15,54.7015406727572,40.7723434529528,-25.2107840603278,134.613865405842,15,15
