"Site_Id","constituent","years.record","years.complete","multi_year_avg.rloadest","multiSE.rloadest","CI_lower.rloadest","CI_upper.rloadest","multi_year_avg.interpolation","multiSE.interpolation","CI_lower.interpolation","CI_upper.interpolation","multi_year_avg.composite","multiSE.composite","CI_lower.composite","CI_upper.composite"
"MOGU02900","PT",15,15,737.200881776962,9.99603113708182,717.609020759941,756.792742793983,1309.37963095392,16.3799414943137,1277.27553555619,1341.48372635165,1346.9694436725,27.4450578709083,1293.1781186919,1400.76076865309
"ORIZ02900","PT",15,15,44.692342035276,0.622214365247228,43.472824288728,45.911859781824,91.704910340689,1.71416307478492,88.3452124504822,95.0646082308959,84.6751317848218,2.43166065851341,79.9091644715126,89.4410990981311
"RONC02800","PT",15,15,44.3789871116347,7.73694752445371,29.2148486134291,59.5431256098403,32.8628386950695,0.541452198326437,31.8016118869996,33.9240655031393,58.0498880722754,1.3325869599041,55.4380656245956,60.6617105199551
