"site.id","constituent","REG.model","REG.RMSE","REG.r.squared","REG.p.value","REG.Intercept","REG.lnQ","REG.DECTIME","REG.sin.DECTIME","REG.cos.DECTIME","REG.Intercept.SE","REG.lnQ.SE","REG.DECTIME.SE","REG.sin.DECTIME.SE","REG.cos.DECTIME.SE","REG.Intercept.p.value","REG.lnQ.p.value","REG.DECTIME.p.value","REG.sin.DECTIME.p.value","REG.cos.DECTIME.p.value","INT.RMSE.lin","INT.durbin.watson","INT.rho","INT.acf1","INT.acf1demean","INT.corlag1","CMP.RMSE.log","CMP.reg.durbin.watson","CMP.reg.rho","CMP.int.durbin.watson","CMP.int.rho","CMP.correction.frac"
"MOGU02900","PT","rloadest_7",0.581569006575761,66.5592291280271,0,6.24874894307372,1.33879078392537,-0.0274679115729641,-0.146532082137944,-0.0299809492546265,0.0652232202893308,0.144943517625954,0.0160770514530671,0.120980194799747,0.1013372978613,4.70879112115131e-79,7.78607867252018e-15,0.0812565270548087,0.214364503656432,0.759974063362436,0.0503807454509669,0.295917534099733,0.85177045328258,0.837477859485494,0.239935647074721,0.241150532755726,1.13387231402908,1.63250387309873,0.180644170146826,1.63250387309873,0.180644170146826,0.382211371144618
"ORIZ02900","PT","rloadest_7",0.756772148177228,10.817794478596,0.0690233803923007,3.54279379806971,0.361929316499618,-0.00457051978829375,-0.25550290201702,0.141519429714638,0.0889215278072842,0.218906410449357,0.0241979641250508,0.176804008550326,0.149930383055431,5.13395544841893e-54,0.0901801740871245,0.845084999766437,0.137725200657186,0.330290705957236,0.32960602479164,0.711267953229486,0.639083205550925,0.633213533537884,0.398405065977831,0.400411605972208,0.962390430134646,1.12021052514874,0.433044317465065,1.12021052514874,0.433044317465065,0.531636538676057
"RONC02800","PT","rloadest_7",0.613762700966349,53.1890462257818,0.00154499791987861,2.4789381597357,0.439496859548857,-0.187232504232884,0.0549283714758841,0.319824326636811,0.121621888820164,0.336339272456386,0.122555810062041,0.205358660026347,0.193747975823105,3.58682928787412e-15,0.165868460453824,0.100576376518961,0.768662124997571,0.0784230811202115,0.0308666486681013,0.350109950522265,0.851562631243571,0.728701667582921,0.226123021039162,0.262866930121521,1.33916614963154,1.55432705859849,0.208962896424271,1.55432705859849,0.208962896424271,0.312301862466605
