"site.id","constituent","years.record","years.complete","REG.Flux_Rate","REG.SE","REG.CI_lower","REG.CI_upper","CMP.Flux_Rate","CMP.SE","CMP.CI_lower","CMP.CI_upper","INT.Flux_Rate","INT.SE","INT.CI_lower","INT.CI_upper"
"RONC02800","PT",15,13,23327.575991223,118158.385289478,129.611364174771,157507.151236271,17795.5052642545,NA,NA,NA,12326.495439849,NA,NA,NA
"MOGU02900","PT",15,13,589822.517322887,67921.0855676034,467908.971421639,733770.292278287,522815.012169658,NA,NA,NA,503176.183724627,NA,NA,NA
"ORIZ02900","PT",15,13,33487.2544211576,3507.92729358528,27138.4072785531,40872.8563809923,30213.0805844057,NA,NA,NA,32433.0713408088,NA,NA,NA
