"site.id","constituent","CMP.Flux_Rate","CMP.SE","CMP.CI_lower","CMP.CI_upper","CMP.years.record","CMP.years.complete","INT.Flux_Rate","INT.SE","INT.CI_lower","INT.CI_upper","INT.years.record","INT.years.complete","REG.Flux_Rate","REG.SE","REG.CI_lower","REG.CI_upper","REG.years.record","REG.years.complete"
"RONC02800","PT",16559.3019158326,631.646016094398,15321.2984733094,17797.3053583559,15,15,12155.3812066205,212.806842984299,11738.2874587076,12572.4749545334,15,15,21797.7402013187,6276.42173258736,9496.17965366296,34099.3007489744,15,15
"MOGU02900","PT",501002.869435372,16303.1837807879,469049.21639169,532956.522479054,15,15,480535.281308326,6105.89546445051,468567.946104637,492502.616512016,15,15,552348.900959063,8868.33225711929,534967.289132174,569730.512785952,15,15
"ORIZ02900","PT",31384.1821532864,823.48771515716,29770.1758898672,32998.1884167056,15,15,33889.9808800933,615.68883839129,32683.2529311631,35096.7088290235,15,15,32918.8728643799,451.233878532277,32034.4707138523,33803.2750149075,15,15
