"site.id","constituent","REG.Multi_Year_Avg","REG.multiSE","REG.CI_lower","REG.CI_upper","REG.years.record","REG.years.complete","INT.Multi_Year_Avg","INT.multiSE","INT.CI_lower","INT.CI_upper","INT.years.record","INT.years.complete","CMP.Multi_Year_Avg","CMP.multiSE","CMP.CI_lower","CMP.CI_upper","CMP.years.record","CMP.years.complete"
"MOGU02900","PT",720.360123550743,8.73378146943947,703.242226421798,737.478020679688,15,15,1315.63389817475,16.7170307034921,1282.86912006745,1348.39867628204,15,15,1371.67110043907,44.6356845469896,1284.18676630168,1459.15543457646,15,15
"ORIZ02900","PT",45.0634809916046,0.617705514759447,43.8528004296243,46.2741615535849,15,15,92.7857108284553,1.68566417081804,89.4818697636223,96.0895518932882,15,15,85.9252078118724,2.25458648913665,81.506299493134,90.3441161306108,15,15
"RONC02800","PT",34.2015681695276,1.87759582401674,30.521547976932,37.8815883621233,15,15,33.2796200044367,0.582633382571659,32.1376795584055,34.4215604504679,15,15,45.3368977846205,1.7293525423529,41.947429085036,48.7263664842049,15,15
