"site.id","constituent","Water_Year","n","CMP.Flux_Rate","CMP.SE","CMP.CI_lower","CMP.CI_upper","INT.Flux_Rate","INT.SE","INT.CI_lower","INT.CI_upper","REGC.Flux_Rate","REGC.SE","REGC.CI_lower","REGC.CI_upper","REGU.Flux_Rate","REGU.SE","REGU.CI_lower","REGU.CI_upper","NA","NA","NA","NA","NA","NA"
"MOGU02900","NO3",6573.07877448284,131.217459234024,6315.8972802413,6830.26026872438,15,15,6809.70734388087,70.5863773875017,6671.36058640222,6948.05410135953,15,15,7198.79086590419,76.5136991973634,7048.82677115343,7348.75496065495,15,15,7387.90445667359,93.6563922137217,7204.34130101274,7571.46761233444,15,15
