"site.id","constituent","Water_Year","n","CMP.Flux_Rate","CMP.SE","CMP.CI_lower","CMP.CI_upper","INT.Flux_Rate","INT.SE","INT.CI_lower","INT.CI_upper","REGC.Flux_Rate","REGC.SE","REGC.CI_lower","REGC.CI_upper","REGU.Flux_Rate","REGU.SE","REGU.CI_lower","REGU.CI_upper","NA","NA","NA","NA","NA","NA"
"ORIZ02900","NO3",184.777238163872,4.52099102251617,175.916258585311,193.638217742433,15,15,192.407184999485,4.30769977915422,183.964248576132,200.850121422839,15,15,218.520521342314,2.49581099775608,213.628821674493,223.412221010134,15,15,221.592112402571,2.92990163486844,215.849610719984,227.334614085159,15,15
