"site.id","constituent","Water_Year","n","CMP.Flux_Rate","CMP.SE","CMP.CI_lower","CMP.CI_upper","INT.Flux_Rate","INT.SE","INT.CI_lower","INT.CI_upper","REGC.Flux_Rate","REGC.SE","REGC.CI_lower","REGC.CI_upper","REGU.Flux_Rate","REGU.SE","REGU.CI_lower","REGU.CI_upper","NA.","NA..1","NA..2","NA..3","NA..4","NA..5"
"Musk","NO23",34806.2940820736,870.80787461607,33099.5420103723,36513.046153775,10,10,33240.9752253616,156.941740942454,32933.3750654434,33548.5753852798,10,10,45683.78295892,975.659330607831,43771.5258097482,47596.0401080918,10,10,45683.78295892,975.659330607831,43771.5258097482,47596.0401080918,10,10
"Rac","NO23",57050.199916129,2314.72664802357,52513.4190519477,61586.9807803103,10,10,52447.9548906466,860.573864890747,50761.2611094243,54134.6486718689,10,10,125104.685680089,8198.11125951519,109036.682870186,141172.688489991,10,10,125104.685680089,8198.11125951519,109036.682870186,141172.688489991,10,10
