"site.id","constituent","CMP.Flux_Rate","CMP.SE","CMP.CI_lower","CMP.CI_upper","CMP.years.record","CMP.years.complete","INT.Flux_Rate","INT.SE","INT.CI_lower","INT.CI_upper","INT.years.record","INT.years.complete","REG.Flux_Rate","REG.SE","REG.CI_lower","REG.CI_upper","REG.years.record","REG.years.complete"
"Musk","NO23",12712998.9134774,318062.57620352,12089607.7192885,13336390.1076663,10,10,12141266.2010633,57322.9708792313,12028915.2426532,12253617.1594735,10,10,16686001.7257455,356359.57050451,15987549.8020105,17384453.6494805,10,10
"Rac","NO23",20837585.5193661,845453.908190611,19180526.3087239,22494644.7300084,10,10,19156615.5238087,314324.604151345,18540550.6202172,19772680.4274001,10,10,45694486.4446523,2994360.13753792,39825648.4183356,51563324.4709691,10,10
