"site.id","constituent","REG.Multi_Year_Avg","REG.multiSE","REG.CI_lower","REG.CI_upper","REG.years.record","REG.years.complete","INT.Multi_Year_Avg","INT.multiSE","INT.CI_lower","INT.CI_upper","INT.years.record","INT.years.complete","CMP.Multi_Year_Avg","CMP.multiSE","CMP.CI_lower","CMP.CI_upper","CMP.years.record","CMP.years.complete"
"Musk","NO23",22841.8914732043,487.829666738065,21885.7628958075,23798.0200506011,10,10,33240.9752253616,156.941740942454,32933.3750654434,33548.5753852798,10,10,34806.2940820736,870.80787461607,33099.5420103723,36513.046153775,10,10
"Rac","NO23",62552.3428400444,4099.0556297576,54518.3414350933,70586.3442449954,10,10,52447.9548906466,860.573864890747,50761.2611094243,54134.6486718689,10,10,57050.199916129,2314.72664802357,52513.4190519477,61586.9807803103,10,10
