"site.id","constituent","REG.model","REG.RMSE","REG.r.squared","REG.p.value","REG.Intercept","REG.lnQ","REG.DECTIME","REG.sin.DECTIME","REG.cos.DECTIME","REG.Intercept.SE","REG.lnQ.SE","REG.DECTIME.SE","REG.sin.DECTIME.SE","REG.cos.DECTIME.SE","REG.Intercept.p.value","REG.lnQ.p.value","REG.DECTIME.p.value","REG.sin.DECTIME.p.value","REG.cos.DECTIME.p.value","INT.RMSE.lin","INT.durbin.watson","INT.rho","INT.acf1","INT.acf1demean","INT.corlag1","CMP.RMSE.log","CMP.reg.durbin.watson","CMP.reg.rho","CMP.int.durbin.watson","CMP.int.rho","CMP.correction.frac"
"Musk","NO23","rloadest_7",0.674389143111664,81.1214162876367,0,8.92548849985779,1.2521962358917,-0.0573013721303238,0.0729900511023947,0.460098734389187,0.0439843913907112,0.0577881062281055,0.0154703797934028,0.0791372532271612,0.0640393876505807,5.3693360576878e-271,3.63842768192527e-59,0.000224153787201431,0.351709486157217,5.11733276887835e-12,0.413953431577327,0.102582587974643,0.947877167056792,0.94526393730069,0.644843167804997,0.644867205529654,0.836219005453153,1.66483945115801,0.165857097350101,1.66483945115801,0.165857097350101,0.375136360330173
"Rac","NO23","rloadest_7",0.967906198169216,81.0759919622306,0,9.26546484699499,1.57306465906884,-0.063260640762552,0.419124602218836,0.498881167748657,0.0677802694067759,0.06586316626775,0.0242222656835142,0.105600131333083,0.111594644850458,3.04678795901021e-233,1.37743667251597e-66,0.00878409644330004,7.93451966034053e-05,9.57984247358649e-06,2.28381989949587,0.0779563710710668,0.960247823719143,0.957638234781797,0.815536859447912,0.815555386469434,0.804660996109583,0.723604288439332,0.636756933567451,0.723604288439332,0.636756933567451,0.802512942090238
